original,augmented,graph_type,complexity
"Multiple Intelligences, Circular Diagram, elements: Circle divided into eight segments, each labeled with different types of intelligences: Musical, Bodily-Kinesthetic, Interpersonal, Verbal-Linguistic, Logical-Mathematical, Naturalist, Self Smart, and Picture Smart, with 'Multiple Intelligences' in the center.","Multiple Intelligences, Circular Diagram, elements: Circle divided into eight segments, each labeled with different types of intelligences: Musical, Bodily-Kinesthetic, Interpersonal, Verbal-Linguistic, Logical-Mathematical, Naturalist, Self Smart, and Picture Smart, with 'Multiple Intelligences' in the center. [Visual Analysis: dense, complex | Nodes: 9, Edges: 73]",dense,complex
"Big Five Personality Traits, Grid Diagram, elements: Five rows, each representing a personality trait: Openness, Conscientiousness, Extroversion, Agreeableness, and Neuroticism. Each row has two columns for High and Low Five Tendencies, listing corresponding traits.","Big Five Personality Traits, Grid Diagram, elements: Five rows, each representing a personality trait: Openness, Conscientiousness, Extroversion, Agreeableness, and Neuroticism. Each row has two columns for High and Low Five Tendencies, listing corresponding traits. [Visual Analysis: dense, complex | Nodes: 19, Edges: 128]",dense,complex
"Constructivism in Learning, Infographic, elements: Top section with title and description of constructivism. Middle section features key terms and actions organized in a cloud format. Below, key people (Vygotsky, Bruner, Piaget) with quotes about learning. Lower section outlines key ideas, contrasting constructivism with traditional methods and listing example activities.","Constructivism in Learning, Infographic, elements: Top section with title and description of constructivism. Middle section features key terms and actions organized in a cloud format. Below, key people (Vygotsky, Bruner, Piaget) with quotes about learning. Lower section outlines key ideas, contrasting constructivism with traditional methods and listing example activities. [Visual Analysis: network, complex | Nodes: 52, Edges: 508]",network,complex
"Steps in the Scrum Iterative Process, Circular Flow Diagram, elements: Five steps arranged in a circular pattern: Step 1 - Sprint Planning, Step 2 - Sprint Execution, Step 3 - Daily Stand-ups, Step 4 - Sprint Review, Step 5 - Sprint Retrospective, with icons representing each step.","Steps in the Scrum Iterative Process, Circular Flow Diagram, elements: Five steps arranged in a circular pattern: Step 1 - Sprint Planning, Step 2 - Sprint Execution, Step 3 - Daily Stand-ups, Step 4 - Sprint Review, Step 5 - Sprint Retrospective, with icons representing each step. [Visual Analysis: network, complex | Nodes: 33, Edges: 135]",network,complex
"Iterative Product Development, Circular Flow Diagram, elements: A circular design with seven numbered elements (1 to 7) representing steps in iterative product development, each accompanied by descriptive text including 'Continuous improvement', 'Collaboration and cross-functional teams', 'Data-driven decision making', 'Rapid prototyping', 'Agile project management', and 'Minimum viable products (MVPs)'.","Iterative Product Development, Circular Flow Diagram, elements: A circular design with seven numbered elements (1 to 7) representing steps in iterative product development, each accompanied by descriptive text including 'Continuous improvement', 'Collaboration and cross-functional teams', 'Data-driven decision making', 'Rapid prototyping', 'Agile project management', and 'Minimum viable products (MVPs)'. [Visual Analysis: network, complex | Nodes: 36, Edges: 160]",network,complex
"TPACK Model, Venn Diagram, elements: Three overlapping circles labeled: 'Technological Knowledge', 'Content Knowledge', and 'Pedagogical Knowledge'. The intersections are labeled: TCK (Technological Content Knowledge), TPK (Technological Pedagogical Knowledge), and PCK (Pedagogical Content Knowledge), with TPACK in the center.","TPACK Model, Venn Diagram, elements: Three overlapping circles labeled: 'Technological Knowledge', 'Content Knowledge', and 'Pedagogical Knowledge'. The intersections are labeled: TCK (Technological Content Knowledge), TPK (Technological Pedagogical Knowledge), and PCK (Pedagogical Content Knowledge), with TPACK in the center. [Visual Analysis: empty, complex | Nodes: 0, Edges: 117]",empty,complex
"ADDIE Model of Instructional Design, Flow Diagram, elements: Five sequential blocks labeled ADDIE (Analysis, Design, Development, Implementation, Evaluation) with brief descriptions below each block, connected by arrows indicating the flow of the process.","ADDIE Model of Instructional Design, Flow Diagram, elements: Five sequential blocks labeled ADDIE (Analysis, Design, Development, Implementation, Evaluation) with brief descriptions below each block, connected by arrows indicating the flow of the process. [Visual Analysis: dense, complex | Nodes: 17, Edges: 70]",dense,complex
"Constructivism Learning Cycle, Circular Flow Diagram, elements: Central 'STUDENT' surrounded by five phases: Engage, Explore, Explain, Extend, Evaluate. Arrows indicate interaction with 'PRIOR KNOWLEDGE' and emphasize the 'ZONE OF PROXIMAL DEVELOPMENT'.","Constructivism Learning Cycle, Circular Flow Diagram, elements: Central 'STUDENT' surrounded by five phases: Engage, Explore, Explain, Extend, Evaluate. Arrows indicate interaction with 'PRIOR KNOWLEDGE' and emphasize the 'ZONE OF PROXIMAL DEVELOPMENT'. [Visual Analysis: dense, complex | Nodes: 10, Edges: 208]",dense,complex
"Bloom's Taxonomy, Pyramid Diagram, elements: Pyramid structure divided into six layers labeled: Knowledge, Comprehension, Application, Analysis, Synthesis, Evaluation, with increasing complexity from bottom to top.","Bloom's Taxonomy, Pyramid Diagram, elements: Pyramid structure divided into six layers labeled: Knowledge, Comprehension, Application, Analysis, Synthesis, Evaluation, with increasing complexity from bottom to top. [Visual Analysis: dense, complex | Nodes: 11, Edges: 85]",dense,complex
"Herzberg's Motivation-Hygiene Theory, Grid Diagram, elements: Two-column layout with left column listing motivators (Achievement, Recognition, The Work Itself, Responsibility, Advancement, Growth) and right column listing hygiene factors (Bureaucracy, Relationships, Work Conditions, Status, Salary, Security), each accompanied by relevant icons.","Herzberg's Motivation-Hygiene Theory, Grid Diagram, elements: Two-column layout with left column listing motivators (Achievement, Recognition, The Work Itself, Responsibility, Advancement, Growth) and right column listing hygiene factors (Bureaucracy, Relationships, Work Conditions, Status, Salary, Security), each accompanied by relevant icons. [Visual Analysis: sparse, complex | Nodes: 44, Edges: 67]",sparse,complex
"Learning Theories, , elements: Three sections, each featuring a theorist with a photo and their name: John Watson (Behaviorism), Jean Piaget (Cognitivism), John Dewey (Constructivism). Each section lists relevant theorists underneath and includes an information link labeled '+ info'.","Learning Theories, , elements: Three sections, each featuring a theorist with a photo and their name: John Watson (Behaviorism), Jean Piaget (Cognitivism), John Dewey (Constructivism). Each section lists relevant theorists underneath and includes an information link labeled '+ info'. [Visual Analysis: dense, complex | Nodes: 29, Edges: 215]",dense,complex
"Bloom's Taxonomy, Pyramid Diagram, elements: Pyramid structure with six layers labeled: Remember, Understand, Apply, Analyze, Evaluate, and Create; a key on the right indicates College and High School levels.","Bloom's Taxonomy, Pyramid Diagram, elements: Pyramid structure with six layers labeled: Remember, Understand, Apply, Analyze, Evaluate, and Create; a key on the right indicates College and High School levels. [Visual Analysis: dense, complex | Nodes: 7, Edges: 32]",dense,complex
"Zone of Proximal Development in Teaching, Graph, elements: Diagonal axis labeled 'Level of Challenge' and 'Level of Competence' with 'Zone of Proximal Development' highlighted. Areas labeled: 'Anxiety' above, 'Boredom' below, indicating learner independence and assistance.","Zone of Proximal Development in Teaching, Graph, elements: Diagonal axis labeled 'Level of Challenge' and 'Level of Competence' with 'Zone of Proximal Development' highlighted. Areas labeled: 'Anxiety' above, 'Boredom' below, indicating learner independence and assistance. [Visual Analysis: sparse, complex | Nodes: 53, Edges: 165]",sparse,complex
"Big Five Personality Traits, Vertical Bar Diagram, elements: Vertical sections representing each trait: Open to Experience, Conscientiousness, Agreeableness, Neuroticism, Extraversion, with icons illustrating each trait against a background of gradient colors.","Big Five Personality Traits, Vertical Bar Diagram, elements: Vertical sections representing each trait: Open to Experience, Conscientiousness, Agreeableness, Neuroticism, Extraversion, with icons illustrating each trait against a background of gradient colors. [Visual Analysis: dense, complex | Nodes: 19, Edges: 148]",dense,complex
"Big Five Personality Traits, Circular Diagram, elements: Five colored circles representing personality traits: Neuroticism, Extraversion, Openness, Agreeableness, and Conscientiousness, each with descriptors for low and high levels labeled around the circles.","Big Five Personality Traits, Circular Diagram, elements: Five colored circles representing personality traits: Neuroticism, Extraversion, Openness, Agreeableness, and Conscientiousness, each with descriptors for low and high levels labeled around the circles. [Visual Analysis: dense, complex | Nodes: 31, Edges: 290]",dense,complex
"Git Branching and Operations, Network Diagram, elements: Nodes representing branches (Master, Feature-1, Feature-2) with connections indicating flow; each node lists file versions associated with the branches.","Git Branching and Operations, Network Diagram, elements: Nodes representing branches (Master, Feature-1, Feature-2) with connections indicating flow; each node lists file versions associated with the branches. [Visual Analysis: empty, complex | Nodes: 0, Edges: 84]",empty,complex
"Big Five Personality Traits, Horizontal Diagram, elements: Five colored circles labeled O, C, E, A, N with corresponding traits: Openness - prefers routine; Conscientious - impulsive vs. disciplined; Extraversion - reserved vs. sociable; Agreeable - suspicious vs. trusting; Neuroticism - calm vs. anxious.","Big Five Personality Traits, Horizontal Diagram, elements: Five colored circles labeled O, C, E, A, N with corresponding traits: Openness - prefers routine; Conscientious - impulsive vs. disciplined; Extraversion - reserved vs. sociable; Agreeable - suspicious vs. trusting; Neuroticism - calm vs. anxious. [Visual Analysis: network, complex | Nodes: 29, Edges: 93]",network,complex
"Bloom's Taxonomy, Pyramid Diagram, elements: Pyramid structure with layers labeled: Knowledge (bottom), Comprehension, Application, Analysis, Synthesis, and Evaluation (top), with color coding for each level.","Bloom's Taxonomy, Pyramid Diagram, elements: Pyramid structure with layers labeled: Knowledge (bottom), Comprehension, Application, Analysis, Synthesis, and Evaluation (top), with color coding for each level. [Visual Analysis: dense, complex | Nodes: 8, Edges: 56]",dense,complex
"Iterative Scrum Process, Circular Flow Diagram, elements: Outer ring with five phases labeled: Planning/Prioritization, Requirements, Design/Analysis, Implementation/Testing, and Review/Retrospective. Central 'Scrum Cycle' label. Top section showing 'Concept' with four iterations labeled Scrum 1 to Scrum 4.","Iterative Scrum Process, Circular Flow Diagram, elements: Outer ring with five phases labeled: Planning/Prioritization, Requirements, Design/Analysis, Implementation/Testing, and Review/Retrospective. Central 'Scrum Cycle' label. Top section showing 'Concept' with four iterations labeled Scrum 1 to Scrum 4. [Visual Analysis: dense, complex | Nodes: 11, Edges: 144]",dense,complex
"Impact of Population Growth on Capital and Income, Graph, elements: Graph with two investment lines labeled (δ+n₂)k and (δ+n₁)k, a production function curve s*f(k), and steady states k₂* and k₁*, illustrating shifts in capital per worker due to population growth changes.","Impact of Population Growth on Capital and Income, Graph, elements: Graph with two investment lines labeled (δ+n₂)k and (δ+n₁)k, a production function curve s*f(k), and steady states k₂* and k₁*, illustrating shifts in capital per worker due to population growth changes. [Visual Analysis: network, complex | Nodes: 43, Edges: 217]",network,complex
"Gardner's Theory of Multiple Intelligences, Circular Diagram, elements: Central circle labeled 'The theory of intelligence' surrounded by eight segments representing different intelligences: linguistic, logical-mathematical, spatial, musical, bodily-kinesthetic, interpersonal, intrapersonal, and naturalistic.","Gardner's Theory of Multiple Intelligences, Circular Diagram, elements: Central circle labeled 'The theory of intelligence' surrounded by eight segments representing different intelligences: linguistic, logical-mathematical, spatial, musical, bodily-kinesthetic, interpersonal, intrapersonal, and naturalistic. [Visual Analysis: dense, complex | Nodes: 24, Edges: 141]",dense,complex
"PESTEL Analysis of Google, Grid, elements: Six columns labeled P (Political), E (Economic), S (Sociological), T (Technological), E (Ecological), and L (Legal), each containing bullet points detailing factors affecting Google's business environment.","PESTEL Analysis of Google, Grid, elements: Six columns labeled P (Political), E (Economic), S (Sociological), T (Technological), E (Ecological), and L (Legal), each containing bullet points detailing factors affecting Google's business environment. [Visual Analysis: dense, complex | Nodes: 20, Edges: 249]",dense,complex
"PESTLE Analysis Factors, Table, elements: A table divided into six categories: Political, Economic, Social, Technological, Environmental, and Legal, with factors, details, term impacts, and overall impact color-coded.","PESTLE Analysis Factors, Table, elements: A table divided into six categories: Political, Economic, Social, Technological, Environmental, and Legal, with factors, details, term impacts, and overall impact color-coded. [Visual Analysis: dense, complex | Nodes: 9, Edges: 265]",dense,complex
"The Big Five Personality Traits, Circular Diagram, elements: Five segments labeled: Openness, Conscientiousness, Extraversion, Agreeableness, Neuroticism, with a central title in bold.","The Big Five Personality Traits, Circular Diagram, elements: Five segments labeled: Openness, Conscientiousness, Extraversion, Agreeableness, Neuroticism, with a central title in bold. [Visual Analysis: dense, complex | Nodes: 18, Edges: 282]",dense,complex
"Big Five Personality Traits, Mind Map, elements: Central box labeled 'Big 5' with branches for 'Traits' and 'Facets'. 'Traits' includes 'Agreeableness', 'Extraversion', 'Conscientiousness', 'Neuroticism', and 'Openness to experiences'. 'Facets' lists related characteristics under each trait, highlighting concepts like 'Trust', 'Friendliness', and 'Anxiety'.","Big Five Personality Traits, Mind Map, elements: Central box labeled 'Big 5' with branches for 'Traits' and 'Facets'. 'Traits' includes 'Agreeableness', 'Extraversion', 'Conscientiousness', 'Neuroticism', and 'Openness to experiences'. 'Facets' lists related characteristics under each trait, highlighting concepts like 'Trust', 'Friendliness', and 'Anxiety'. [Visual Analysis: dense, complex | Nodes: 14, Edges: 268]",dense,complex
"7S Framework, Circular Flow Diagram, elements: Seven interconnected elements: Strategy, Structure, Systems, Shared Values, Style, Staff, and Skills, each represented by a colored circle, with 'Shared Values' at the center.","7S Framework, Circular Flow Diagram, elements: Seven interconnected elements: Strategy, Structure, Systems, Shared Values, Style, Staff, and Skills, each represented by a colored circle, with 'Shared Values' at the center. [Visual Analysis: network, complex | Nodes: 16, Edges: 49]",network,complex
"Porter's Five Forces, Circular Flow Diagram, elements: Five colored circles representing forces: Rivalry Among Competitors, Threat of New Entrants, Bargaining Power of Buyers, Threat of Substitute Products or Services, and Bargaining Power of Suppliers, each labeled with icons.","Porter's Five Forces, Circular Flow Diagram, elements: Five colored circles representing forces: Rivalry Among Competitors, Threat of New Entrants, Bargaining Power of Buyers, Threat of Substitute Products or Services, and Bargaining Power of Suppliers, each labeled with icons. [Visual Analysis: sparse, complex | Nodes: 57, Edges: 204]",sparse,complex
"ADDIE Model, Circular Flow Diagram, elements: Central element labeled 'ADDIE' surrounded by five circles labeled: 'Analysis', 'Design', 'Development', 'Implementation', and 'Evaluation', connected in a circular layout.","ADDIE Model, Circular Flow Diagram, elements: Central element labeled 'ADDIE' surrounded by five circles labeled: 'Analysis', 'Design', 'Development', 'Implementation', and 'Evaluation', connected in a circular layout. [Visual Analysis: dense, complex | Nodes: 4, Edges: 37]",dense,complex
"The Secret Strength of UDL, List, elements: Six numbered sections with illustrations; each section describes a strategy: 1. Minimize threats and distractions, 2. Offer alternatives for auditory or visual information, 3. Embrace through multiple modes, 4. Optimize access to tasks and assistive technologies, 5. Use multiple media for communication.","The Secret Strength of UDL, List, elements: Six numbered sections with illustrations; each section describes a strategy: 1. Minimize threats and distractions, 2. Offer alternatives for auditory or visual information, 3. Embrace through multiple modes, 4. Optimize access to tasks and assistive technologies, 5. Use multiple media for communication. [Visual Analysis: dense, complex | Nodes: 26, Edges: 303]",dense,complex
"Design Thinking Process, Circular Flow Diagram, elements: Four labeled boxes: 'Analyze a Need' (top), 'Develop Ideas' (right), 'Create a Prototype' (bottom), 'Test and Evaluate' (left) connected in a circular flow with arrows indicating the direction of the process.","Design Thinking Process, Circular Flow Diagram, elements: Four labeled boxes: 'Analyze a Need' (top), 'Develop Ideas' (right), 'Create a Prototype' (bottom), 'Test and Evaluate' (left) connected in a circular flow with arrows indicating the direction of the process. [Visual Analysis: dense, complex | Nodes: 14, Edges: 106]",dense,complex
"UDL Thinking Framework, Circular Flow Diagram, elements: Circles around a central 'UDL Thinking' node with labels: 'What are the goals?', 'What does everyone need?', 'What might help?', 'Feedback', 'Use guidelines', and 'Remove barriers', with arrows indicating flow between them.","UDL Thinking Framework, Circular Flow Diagram, elements: Circles around a central 'UDL Thinking' node with labels: 'What are the goals?', 'What does everyone need?', 'What might help?', 'Feedback', 'Use guidelines', and 'Remove barriers', with arrows indicating flow between them. [Visual Analysis: dense, complex | Nodes: 15, Edges: 485]",dense,complex
"The Networked Teacher, Network Diagram, elements: Central figure labeled 'The Networked Teacher' with multiple branches connecting to various resources including 'Colleagues', 'Popular Media', 'Social Network Sites', 'Twitter', 'Podcasts', 'Wikis', 'Blogs', 'Video Conferencing', 'Conferences', 'Curriculum Documents', 'Social Bookmarking', 'Family/Local Community', and 'Print & Digital Resources'.","The Networked Teacher, Network Diagram, elements: Central figure labeled 'The Networked Teacher' with multiple branches connecting to various resources including 'Colleagues', 'Popular Media', 'Social Network Sites', 'Twitter', 'Podcasts', 'Wikis', 'Blogs', 'Video Conferencing', 'Conferences', 'Curriculum Documents', 'Social Bookmarking', 'Family/Local Community', and 'Print & Digital Resources'. [Visual Analysis: dense, complex | Nodes: 3, Edges: 182]",dense,complex
"Social Learning Theory, , elements: Title at the top: 'Social Learning Theory'. Main text describing the theory by Albert Bandura, focusing on learning through observation and vicarious reinforcement. Illustrations of a child and an adult engaged in social interaction.","Social Learning Theory, , elements: Title at the top: 'Social Learning Theory'. Main text describing the theory by Albert Bandura, focusing on learning through observation and vicarious reinforcement. Illustrations of a child and an adult engaged in social interaction. [Visual Analysis: dense, complex | Nodes: 2, Edges: 130]",dense,complex
"Prisoner's Dilemma Payoff Matrix, Grid Diagram, elements: 2x2 grid with Player A and Player B strategies labeled on the axes. Cells contain numerical payoffs: (1,1), (0,3), (3,0), and (2,2) corresponding to different strategy combinations.","Prisoner's Dilemma Payoff Matrix, Grid Diagram, elements: 2x2 grid with Player A and Player B strategies labeled on the axes. Cells contain numerical payoffs: (1,1), (0,3), (3,0), and (2,2) corresponding to different strategy combinations. [Visual Analysis: dense, complex | Nodes: 10, Edges: 38]",dense,complex
"Circular Flow of Income and Expenditure in Four Sector Economy, Flow Diagram, elements: Central flow with four sectors: Household Sector, Government Sector, Business Sector, and Foreign Sector. Arrows indicate income and expenditure directions, with labeled elements such as wages, taxes, transfers, government purchases, and foreign trade.","Circular Flow of Income and Expenditure in Four Sector Economy, Flow Diagram, elements: Central flow with four sectors: Household Sector, Government Sector, Business Sector, and Foreign Sector. Arrows indicate income and expenditure directions, with labeled elements such as wages, taxes, transfers, government purchases, and foreign trade. [Visual Analysis: dense, complex | Nodes: 2, Edges: 260]",dense,complex
"Solow Growth Model, , elements: Title at the top with the formula for production function below, followed by market clearing, household saving, investment requirement, closure rule, and dynamics of capital accumulation, each with corresponding equations.","Solow Growth Model, , elements: Title at the top with the formula for production function below, followed by market clearing, household saving, investment requirement, closure rule, and dynamics of capital accumulation, each with corresponding equations. [Visual Analysis: sparse, complex | Nodes: 62, Edges: 224]",sparse,complex
"McKinsey 7S Model, Network Diagram, elements: Central circle labeled 'Shared Values' surrounded by six outer circles labeled: 'Strategy', 'Structure', 'Systems', 'Skills', 'Style', and 'Staff', with lines connecting all elements.","McKinsey 7S Model, Network Diagram, elements: Central circle labeled 'Shared Values' surrounded by six outer circles labeled: 'Strategy', 'Structure', 'Systems', 'Skills', 'Style', and 'Staff', with lines connecting all elements. [Visual Analysis: dense, complex | Nodes: 9, Edges: 70]",dense,complex
"McKinsey 7S Model, Network Diagram, elements: Eight circular elements labeled: Strategy, Structure, Systems, Shared Values, Skills, Style, and Staff, arranged in a circular layout with connections between them.","McKinsey 7S Model, Network Diagram, elements: Eight circular elements labeled: Strategy, Structure, Systems, Shared Values, Skills, Style, and Staff, arranged in a circular layout with connections between them. [Visual Analysis: network, complex | Nodes: 38, Edges: 174]",network,complex
"Intersection of Learning Theories and Podcasting, Venn Diagram, elements: Three overlapping circles labeled 'Podcasting', 'Constructivist Learning Theory (CLT)', and 'Hybrid Learning Environment (HLE)', with descriptions underneath each label. Arrows indicating relationships between concepts.","Intersection of Learning Theories and Podcasting, Venn Diagram, elements: Three overlapping circles labeled 'Podcasting', 'Constructivist Learning Theory (CLT)', and 'Hybrid Learning Environment (HLE)', with descriptions underneath each label. Arrows indicating relationships between concepts. [Visual Analysis: empty, complex | Nodes: 0, Edges: 217]",empty,complex
"Balanced Scorecard Metrics, Circular Flow Diagram, elements: Four quadrants labeled Customer, Financial, Internal Processes, Learning and Growth, with text boxes noting specific goals for each area.","Balanced Scorecard Metrics, Circular Flow Diagram, elements: Four quadrants labeled Customer, Financial, Internal Processes, Learning and Growth, with text boxes noting specific goals for each area. [Visual Analysis: empty, complex | Nodes: 0, Edges: 140]",empty,complex
"Zone of Proximal Development, Circular Diagram, elements: Concentric circles with labels: 'Current Ability' in the center, surrounded by 'Ability + Assistance', then 'Inability', and the outermost circle labeled 'Zone of Proximal Development'.","Zone of Proximal Development, Circular Diagram, elements: Concentric circles with labels: 'Current Ability' in the center, surrounded by 'Ability + Assistance', then 'Inability', and the outermost circle labeled 'Zone of Proximal Development'. [Visual Analysis: dense, simple | Nodes: 2, Edges: 8]",dense,simple
"Porter's Value Chain Analysis, Flow Diagram, elements: Two horizontal sections with 'Supporting activities' and 'Primary activities', each containing labeled boxes for activities, and margins indicated on the right.","Porter's Value Chain Analysis, Flow Diagram, elements: Two horizontal sections with 'Supporting activities' and 'Primary activities', each containing labeled boxes for activities, and margins indicated on the right. [Visual Analysis: dense, complex | Nodes: 8, Edges: 87]",dense,complex
"Original vs Revised Bloom's Taxonomy, Pyramid Diagram, elements: Pyramid structure with two layers: original taxonomy with levels labeled from Knowledge to Evaluation; revised taxonomy with levels labeled from Remember to Create, demonstrating a shift from nouns to verbs.","Original vs Revised Bloom's Taxonomy, Pyramid Diagram, elements: Pyramid structure with two layers: original taxonomy with levels labeled from Knowledge to Evaluation; revised taxonomy with levels labeled from Remember to Create, demonstrating a shift from nouns to verbs. [Visual Analysis: dense, complex | Nodes: 14, Edges: 198]",dense,complex
"VARK Learning Styles, Circular Diagram, elements: Four quadrants labeled: Visual, Aural, Read/Write, and Kinesthetic, with a central figure representing different learning styles, and teaching tips provided for each style.","VARK Learning Styles, Circular Diagram, elements: Four quadrants labeled: Visual, Aural, Read/Write, and Kinesthetic, with a central figure representing different learning styles, and teaching tips provided for each style. [Visual Analysis: dense, complex | Nodes: 17, Edges: 336]",dense,complex
"Trie Data Structure, Tree Diagram, elements: Tree structure with nodes labeled as 'Root', 'b', 'e', 't', and branching to various sub-nodes representing character sequences, showcasing the hierarchical relationship of prefixes.","Trie Data Structure, Tree Diagram, elements: Tree structure with nodes labeled as 'Root', 'b', 'e', 't', and branching to various sub-nodes representing character sequences, showcasing the hierarchical relationship of prefixes. [Visual Analysis: dense, complex | Nodes: 7, Edges: 39]",dense,complex
"PESTEL Analysis, Circular Diagram, elements: Central label 'PESTEL ANALYSE' surrounded by six circles, each labeled with a factor: 'Sociale faktorer', 'Økonomiske faktorer', 'Politiske faktorer', 'Lovmæssige faktorer', 'Miljømæssige faktorer', 'Teknologiske faktorer'.","PESTEL Analysis, Circular Diagram, elements: Central label 'PESTEL ANALYSE' surrounded by six circles, each labeled with a factor: 'Sociale faktorer', 'Økonomiske faktorer', 'Politiske faktorer', 'Lovmæssige faktorer', 'Miljømæssige faktorer', 'Teknologiske faktorer'. [Visual Analysis: dense, complex | Nodes: 16, Edges: 64]",dense,complex
"Introduction to Keynesian Theory, Flow Diagram, elements: Circular flow with numbered points connected by lines, labeled: 1. Historical Context, 2. Aggregate Demand and Consumption, 3. Government Intervention, 4. The Multiplier Effect, 5. Criticisms and Limitations, with each point represented by a colored circle.","Introduction to Keynesian Theory, Flow Diagram, elements: Circular flow with numbered points connected by lines, labeled: 1. Historical Context, 2. Aggregate Demand and Consumption, 3. Government Intervention, 4. The Multiplier Effect, 5. Criticisms and Limitations, with each point represented by a colored circle. [Visual Analysis: network, complex | Nodes: 32, Edges: 118]",network,complex
"Content Types for Marketing Funnel, Grid, elements: Three rows labeled 'Top of the funnel', 'Middle of the funnel', and 'Bottom of the funnel'. Four columns categorized as Visual, Auditory, Read/write, and Kinaesthetic, each containing specific content examples related to the funnel stages.","Content Types for Marketing Funnel, Grid, elements: Three rows labeled 'Top of the funnel', 'Middle of the funnel', and 'Bottom of the funnel'. Four columns categorized as Visual, Auditory, Read/write, and Kinaesthetic, each containing specific content examples related to the funnel stages. [Visual Analysis: sparse, complex | Nodes: 40, Edges: 155]",sparse,complex
"Aggregate Demand and Supply Analysis, Economic Model Diagram, elements: Two axes labeled 'Price level' and 'Real GDP per year'. Lines representing AD and SRAS for 1929 and 1933, LRAS as a vertical line, with points of intersection indicating equilibrium. Price levels P1929 and P1933 indicated with horizontal dashed lines.","Aggregate Demand and Supply Analysis, Economic Model Diagram, elements: Two axes labeled 'Price level' and 'Real GDP per year'. Lines representing AD and SRAS for 1929 and 1933, LRAS as a vertical line, with points of intersection indicating equilibrium. Price levels P1929 and P1933 indicated with horizontal dashed lines. [Visual Analysis: dense, complex | Nodes: 12, Edges: 45]",dense,complex
"Tax Rate Impact on Revenues, Curved Graph, elements: Curved graph with Tax Rate on the vertical axis (0% to 100%) and Revenues ($) on the horizontal axis. A shaded area indicates prohibitive tax rates affecting revenues.","Tax Rate Impact on Revenues, Curved Graph, elements: Curved graph with Tax Rate on the vertical axis (0% to 100%) and Revenues ($) on the horizontal axis. A shaded area indicates prohibitive tax rates affecting revenues. [Visual Analysis: dense, complex | Nodes: 9, Edges: 35]",dense,complex
"ADDIE Model, Flowchart, elements: Circular flow with five labeled steps: 01 Analysis, 02 Design, 03 Development, 04 Implementation, 05 Evaluation, interconnected with arrows.","ADDIE Model, Flowchart, elements: Circular flow with five labeled steps: 01 Analysis, 02 Design, 03 Development, 04 Implementation, 05 Evaluation, interconnected with arrows. [Visual Analysis: dense, complex | Nodes: 17, Edges: 116]",dense,complex
"PESTLE Analysis Model Framework, Circular Flow Diagram, elements: Central circle labeled 'PESTLE ANALYSIS' with six surrounding circles representing factors: Political, Economic, Social, Technological, Legal, and Environmental.","PESTLE Analysis Model Framework, Circular Flow Diagram, elements: Central circle labeled 'PESTLE ANALYSIS' with six surrounding circles representing factors: Political, Economic, Social, Technological, Legal, and Environmental. [Visual Analysis: dense, complex | Nodes: 11, Edges: 102]",dense,complex
"Maslow's Hierarchy of Needs, Pyramid Diagram, elements: Pyramid structure with five layers labeled from bottom to top: Physiological needs, Safety needs, Love and belonging, Esteem, Self-actualization, with descriptions of each need.","Maslow's Hierarchy of Needs, Pyramid Diagram, elements: Pyramid structure with five layers labeled from bottom to top: Physiological needs, Safety needs, Love and belonging, Esteem, Self-actualization, with descriptions of each need. [Visual Analysis: dense, complex | Nodes: 5, Edges: 98]",dense,complex
"Kohlberg's Stages of Moral Development, , elements: Title at the top; silhouettes of a child, adolescent, and adult representing different stages of moral development.","Kohlberg's Stages of Moral Development, , elements: Title at the top; silhouettes of a child, adolescent, and adult representing different stages of moral development. [Visual Analysis: network, complex | Nodes: 28, Edges: 82]",network,complex
"Employer Reviews on Kununu and Herzberg's Two-Factor Theory, Comparison Diagram, elements: Left side features Kununu reviews with ratings and categories like Career Development and Teamwork, while the right side displays Herzberg's theory categorized into Motivation Factors (with elements like Career Advancement) and Hygiene Factors (featuring Peer Relationships), with satisfaction gradient illustrated.","Employer Reviews on Kununu and Herzberg's Two-Factor Theory, Comparison Diagram, elements: Left side features Kununu reviews with ratings and categories like Career Development and Teamwork, while the right side displays Herzberg's theory categorized into Motivation Factors (with elements like Career Advancement) and Hygiene Factors (featuring Peer Relationships), with satisfaction gradient illustrated. [Visual Analysis: network, complex | Nodes: 42, Edges: 258]",network,complex
"Stages of Psychosocial Development, Circular Diagram, elements: Circular layout with labeled segments representing different life stages: Early Childhood, Infancy, Preschool, School Age, Adolescence, Young Adulthood, Middle Adulthood, and Maturity, each with associated conflicts.","Stages of Psychosocial Development, Circular Diagram, elements: Circular layout with labeled segments representing different life stages: Early Childhood, Infancy, Preschool, School Age, Adolescence, Young Adulthood, Middle Adulthood, and Maturity, each with associated conflicts. [Visual Analysis: empty, complex | Nodes: 0, Edges: 247]",empty,complex
"Bloom's Taxonomy Verbs, Grid, elements: A grid layout with six columns labeled: Remember, Understand, Apply, Analyze, Evaluate, and Create. Each column contains lists of verbs associated with each cognitive level.","Bloom's Taxonomy Verbs, Grid, elements: A grid layout with six columns labeled: Remember, Understand, Apply, Analyze, Evaluate, and Create. Each column contains lists of verbs associated with each cognitive level. [Visual Analysis: sparse, complex | Nodes: 72, Edges: 236]",sparse,complex
"Bandura's Social Learning Theory, Flow Diagram, elements: Four key components labeled: Attention, Retention, Reproduction, and Motivation, illustrated with icons; graphical representation of social learning process.","Bandura's Social Learning Theory, Flow Diagram, elements: Four key components labeled: Attention, Retention, Reproduction, and Motivation, illustrated with icons; graphical representation of social learning process. [Visual Analysis: network, complex | Nodes: 33, Edges: 217]",network,complex
"Shared Values in Organization, Circular Flow Diagram, elements: Circle divided into six segments labeled: Structures, Systems, Skills, Shared Values, Style, and Staffing, with 'Shared Values' at the center.","Shared Values in Organization, Circular Flow Diagram, elements: Circle divided into six segments labeled: Structures, Systems, Skills, Shared Values, Style, and Staffing, with 'Shared Values' at the center. [Visual Analysis: sparse, moderate | Nodes: 1, Edges: 12]",sparse,moderate
"SWOT Analysis Template, Grid, elements: Four sections labeled Strengths, Weaknesses, Opportunities, and Threats, each with blank space for notes, arranged in a grid format.","SWOT Analysis Template, Grid, elements: Four sections labeled Strengths, Weaknesses, Opportunities, and Threats, each with blank space for notes, arranged in a grid format. [Visual Analysis: dense, complex | Nodes: 6, Edges: 49]",dense,complex
"Two Factor Theory Model, Flowchart, elements: Two descending arrows labeled 'Poor Hygiene' and 'Motivating Factors' pointing towards descriptions: Poor Hygiene decreases job satisfaction, while Motivating Factors increase it.","Two Factor Theory Model, Flowchart, elements: Two descending arrows labeled 'Poor Hygiene' and 'Motivating Factors' pointing towards descriptions: Poor Hygiene decreases job satisfaction, while Motivating Factors increase it. [Visual Analysis: dense, complex | Nodes: 16, Edges: 68]",dense,complex
"PESTLE Analysis Template, Grid, elements: Six vertical columns labeled Political, Economic, Sociological, Technological, Legal, and Environmental, with each column containing placeholder text.","PESTLE Analysis Template, Grid, elements: Six vertical columns labeled Political, Economic, Sociological, Technological, Legal, and Environmental, with each column containing placeholder text. [Visual Analysis: dense, complex | Nodes: 8, Edges: 155]",dense,complex
"Big Five Personality Traits, Circular Diagram, elements: Central circle labeled 'Personality' surrounded by five circles labeled: 'Openness', 'Conscientiousness', 'Neuroticism', 'Agreeableness', and 'Extroversion', with arrows indicating relationships between them.","Big Five Personality Traits, Circular Diagram, elements: Central circle labeled 'Personality' surrounded by five circles labeled: 'Openness', 'Conscientiousness', 'Neuroticism', 'Agreeableness', and 'Extroversion', with arrows indicating relationships between them. [Visual Analysis: dense, complex | Nodes: 13, Edges: 63]",dense,complex
"Money Market and IS-LM Model, Combination of Money Market and IS-LM Diagram, elements: Left diagram shows downward sloping demand curves (D_M1, D_M2, D_M3) for money against quantity of money (Q_M) and a supply curve (S_M); right diagram displays two LM curves (LM1, LM2) and an IS curve, intersecting to show equilibrium points in the GDP-interest rate space.","Money Market and IS-LM Model, Combination of Money Market and IS-LM Diagram, elements: Left diagram shows downward sloping demand curves (D_M1, D_M2, D_M3) for money against quantity of money (Q_M) and a supply curve (S_M); right diagram displays two LM curves (LM1, LM2) and an IS curve, intersecting to show equilibrium points in the GDP-interest rate space. [Visual Analysis: dense, complex | Nodes: 11, Edges: 35]",dense,complex
"Big Five Personality Traits, Hierarchy, elements: Central title 'BIG FIVE PERSONALITY TRAITS' with five branches labeled: Agreeableness, Openness to Experience, Extraversion, Conscientiousness, and Neuroticism, each accompanied by relevant icons.","Big Five Personality Traits, Hierarchy, elements: Central title 'BIG FIVE PERSONALITY TRAITS' with five branches labeled: Agreeableness, Openness to Experience, Extraversion, Conscientiousness, and Neuroticism, each accompanied by relevant icons. [Visual Analysis: dense, complex | Nodes: 22, Edges: 162]",dense,complex
"Porter's Five Forces, Infographic, elements: Five circular icons representing the forces: rivalry among competitors, threat of new entrants, bargaining power of buyers, threat of substitute products, and bargaining power of suppliers, each accompanied by concise descriptions.","Porter's Five Forces, Infographic, elements: Five circular icons representing the forces: rivalry among competitors, threat of new entrants, bargaining power of buyers, threat of substitute products, and bargaining power of suppliers, each accompanied by concise descriptions. [Visual Analysis: sparse, complex | Nodes: 52, Edges: 182]",sparse,complex
"Iterative Product Development Cycle, Circular Flow Diagram, elements: Circular diagram with seven segments numbered 1 to 7, detailing stages: Ideation, Prototyping, Testing, Analysis, Refinement, Implementation, and a Feedback Loop, with each stage corresponding to specific colors.","Iterative Product Development Cycle, Circular Flow Diagram, elements: Circular diagram with seven segments numbered 1 to 7, detailing stages: Ideation, Prototyping, Testing, Analysis, Refinement, Implementation, and a Feedback Loop, with each stage corresponding to specific colors. [Visual Analysis: dense, complex | Nodes: 20, Edges: 111]",dense,complex
"Differences between Engineering Design Process and Scientific Method, Comparison Diagram, elements: Two-column layout with 'Engineering Design Process' on the left listing 'Problem', 'Requirements', 'Many Solutions, Ideas', 'Build, Create' and 'Scientific Method' on the right listing 'Question', 'Hypothesis, Variables', 'Establish Procedure', 'Test, Retest'.","Differences between Engineering Design Process and Scientific Method, Comparison Diagram, elements: Two-column layout with 'Engineering Design Process' on the left listing 'Problem', 'Requirements', 'Many Solutions, Ideas', 'Build, Create' and 'Scientific Method' on the right listing 'Question', 'Hypothesis, Variables', 'Establish Procedure', 'Test, Retest'. [Visual Analysis: empty, complex | Nodes: 0, Edges: 213]",empty,complex
"Keynesian Aggregate Supply and Demand, Graph, elements: X-axis labeled 'Y' (output) and 'Y''; Y-axis labeled 'P' (price level); two downward sloping lines representing 'AD' (Aggregate Demand) and 'AD''; an upward sloping 'Keynesian AS' curve; annotations indicating NGDP rule with arrows labeled 1 and 2.","Keynesian Aggregate Supply and Demand, Graph, elements: X-axis labeled 'Y' (output) and 'Y''; Y-axis labeled 'P' (price level); two downward sloping lines representing 'AD' (Aggregate Demand) and 'AD''; an upward sloping 'Keynesian AS' curve; annotations indicating NGDP rule with arrows labeled 1 and 2. [Visual Analysis: dense, complex | Nodes: 6, Edges: 32]",dense,complex
"Balanced Scorecard, Network Diagram, elements: Four quadrants labeled: Financial, Customer, Internal Business, Innovation & Learning, with a central box labeled 'Vision and Strategy' connecting them, each quadrant includes 'Goal' and 'Measure' sections.","Balanced Scorecard, Network Diagram, elements: Four quadrants labeled: Financial, Customer, Internal Business, Innovation & Learning, with a central box labeled 'Vision and Strategy' connecting them, each quadrant includes 'Goal' and 'Measure' sections. [Visual Analysis: dense, complex | Nodes: 13, Edges: 175]",dense,complex
"RAPID Decision-Making Process, Flowchart, elements: Top-down flow showing five roles: Input, Recommend, Agree, Decide, Perform, each with descriptions of their responsibilities.","RAPID Decision-Making Process, Flowchart, elements: Top-down flow showing five roles: Input, Recommend, Agree, Decide, Perform, each with descriptions of their responsibilities. [Visual Analysis: empty, complex | Nodes: 0, Edges: 169]",empty,complex
"Strategic Objectives and Initiatives, Table, elements: Four rows representing different perspectives: Financial, Customer, Internal Business Processes, Learning & Growth, with columns for Objectives, Measures, Targets, and Initiatives detailing specific goals and actions.","Strategic Objectives and Initiatives, Table, elements: Four rows representing different perspectives: Financial, Customer, Internal Business Processes, Learning & Growth, with columns for Objectives, Measures, Targets, and Initiatives detailing specific goals and actions. [Visual Analysis: dense, complex | Nodes: 2, Edges: 180]",dense,complex
"Stages of Moral Development, Pyramid Diagram, elements: Pyramid with labeled stages: Punishment and compliance-oriented, Instrumental purpose orientation, Good Boy/Nice Girl Orientation, Law & Order Morality, Social Contract Orientation, Universal Ethical Principles Orientation; levels indicated as Pre-Conventional, Conventional, and Post-Conventional.","Stages of Moral Development, Pyramid Diagram, elements: Pyramid with labeled stages: Punishment and compliance-oriented, Instrumental purpose orientation, Good Boy/Nice Girl Orientation, Law & Order Morality, Social Contract Orientation, Universal Ethical Principles Orientation; levels indicated as Pre-Conventional, Conventional, and Post-Conventional. [Visual Analysis: dense, complex | Nodes: 15, Edges: 54]",dense,complex
"Active Learning Framework for Trash Detection, Flowchart, elements: Flowchart with multiple devices (computers, phones) connected to a central database, arrows indicating data flow, and labeled steps for data collection and processing.","Active Learning Framework for Trash Detection, Flowchart, elements: Flowchart with multiple devices (computers, phones) connected to a central database, arrows indicating data flow, and labeled steps for data collection and processing. [Visual Analysis: sparse, complex | Nodes: 34, Edges: 103]",sparse,complex
"Impact Factors in Supply Chain Stages, Flow Diagram, elements: Three horizontal segments labeled 'Upstream,' 'Operations,' and 'Downstream,' each with bullet points detailing Economic, Environmental, and Societal factors associated with each stage.","Impact Factors in Supply Chain Stages, Flow Diagram, elements: Three horizontal segments labeled 'Upstream,' 'Operations,' and 'Downstream,' each with bullet points detailing Economic, Environmental, and Societal factors associated with each stage. [Visual Analysis: dense, complex | Nodes: 27, Edges: 205]",dense,complex
"ZPD and Scaffolding, Venn Diagram, elements: Three overlapping circles with labels: 'What I can learn on my own', 'What I can learn with help (ZPD)', and 'Beyond my reach'. Two additional elements outside the circles labeled 'Knowledgeable others' and 'Technology and tools'.","ZPD and Scaffolding, Venn Diagram, elements: Three overlapping circles with labels: 'What I can learn on my own', 'What I can learn with help (ZPD)', and 'Beyond my reach'. Two additional elements outside the circles labeled 'Knowledgeable others' and 'Technology and tools'. [Visual Analysis: dense, complex | Nodes: 20, Edges: 233]",dense,complex
"Difference Between Demand and Supply Models, Intersection Graph, elements: Two curves representing Demand (purple) and Aggregate Supply (red) intersecting at the Total Supply point, with axes labeled as Price Level (vertical) and Economic Output (Real GDP) (horizontal).","Difference Between Demand and Supply Models, Intersection Graph, elements: Two curves representing Demand (purple) and Aggregate Supply (red) intersecting at the Total Supply point, with axes labeled as Price Level (vertical) and Economic Output (Real GDP) (horizontal). [Visual Analysis: dense, complex | Nodes: 16, Edges: 93]",dense,complex
"Behaviorism, Circular Flow Diagram, elements: Three interconnected circles labeled 'Antecedents', 'Behavior', and 'Consequences', with arrows indicating flow. Additional text at the top specifies 'The A-B-C of Behavioural Learning' and credits four authors at the center.","Behaviorism, Circular Flow Diagram, elements: Three interconnected circles labeled 'Antecedents', 'Behavior', and 'Consequences', with arrows indicating flow. Additional text at the top specifies 'The A-B-C of Behavioural Learning' and credits four authors at the center. [Visual Analysis: dense, complex | Nodes: 19, Edges: 119]",dense,complex
"Learning Theories, List Diagram, elements: Horizontal layout of colored boxes representing different learning theories: Behaviourist, Cognitivist, Constructivist (with a bullet point for Social constructivist), and Transformative.","Learning Theories, List Diagram, elements: Horizontal layout of colored boxes representing different learning theories: Behaviourist, Cognitivist, Constructivist (with a bullet point for Social constructivist), and Transformative. [Visual Analysis: dense, complex | Nodes: 3, Edges: 145]",dense,complex
"Software Development Life Cycle, Circular Flow Diagram, elements: Circular layout with labeled nodes: Planning, Engineering, Documentation, Design, Development, Testing, Deployment, and Maintenance, each with brief descriptions.","Software Development Life Cycle, Circular Flow Diagram, elements: Circular layout with labeled nodes: Planning, Engineering, Documentation, Design, Development, Testing, Deployment, and Maintenance, each with brief descriptions. [Visual Analysis: dense, complex | Nodes: 14, Edges: 79]",dense,complex
"Constructivism in Learning, , elements: Silhouette of a head with a block structure inside, representing knowledge construction; text above states 'Constructivism' and a description below about learners actively constructing knowledge.","Constructivism in Learning, , elements: Silhouette of a head with a block structure inside, representing knowledge construction; text above states 'Constructivism' and a description below about learners actively constructing knowledge. [Visual Analysis: network, complex | Nodes: 21, Edges: 71]",network,complex
"ADDIE Model, Circular Flow Diagram, elements: Five segments arranged in a circular flow: Analyze, Design, Develop, Implement, Evaluate, each with descriptive text explaining the step's purpose.","ADDIE Model, Circular Flow Diagram, elements: Five segments arranged in a circular flow: Analyze, Design, Develop, Implement, Evaluate, each with descriptive text explaining the step's purpose. [Visual Analysis: network, complex | Nodes: 34, Edges: 245]",network,complex
"Change Management Process, Flowchart, elements: Three main phases labeled: Unfreeze, Change, Refreeze. Each phase contains bullet points detailing specific actions, with corresponding icons representing each phase.","Change Management Process, Flowchart, elements: Three main phases labeled: Unfreeze, Change, Refreeze. Each phase contains bullet points detailing specific actions, with corresponding icons representing each phase. [Visual Analysis: sparse, complex | Nodes: 50, Edges: 107]",sparse,complex
"The Rational Decision Making Process, Circular Flow Diagram, elements: Circular layout with labeled stages: Need Recognition, Information Search, Evaluation of Alternatives, Purchase, Post-Purchase, all connected with arrows indicating the decision-making flow.","The Rational Decision Making Process, Circular Flow Diagram, elements: Circular layout with labeled stages: Need Recognition, Information Search, Evaluation of Alternatives, Purchase, Post-Purchase, all connected with arrows indicating the decision-making flow. [Visual Analysis: network, complex | Nodes: 23, Edges: 73]",network,complex
"Public Products Value Chain Analysis, Flow Diagram, elements: Horizontal sections for management processes with labels: Integration and Distribution Management, Resources Management, Online and Offline Channels Management, Staff Training and Development. Below, a table with categories like Production Department, Local Trading, Packaging Products, and Distribution/Delivery, indicating export processes.","Public Products Value Chain Analysis, Flow Diagram, elements: Horizontal sections for management processes with labels: Integration and Distribution Management, Resources Management, Online and Offline Channels Management, Staff Training and Development. Below, a table with categories like Production Department, Local Trading, Packaging Products, and Distribution/Delivery, indicating export processes. [Visual Analysis: dense, complex | Nodes: 23, Edges: 149]",dense,complex
"Stages of Psychosexual Development, Flow Diagram, elements: Vertical flow with five stages labeled: Oral, Anal, Phallic, Latent, Genital, each connected by arrows; descriptions of each stage's source of pleasure on the right.","Stages of Psychosexual Development, Flow Diagram, elements: Vertical flow with five stages labeled: Oral, Anal, Phallic, Latent, Genital, each connected by arrows; descriptions of each stage's source of pleasure on the right. [Visual Analysis: network, complex | Nodes: 41, Edges: 170]",network,complex
"Five Forces Analysis, Network Diagram, elements: Central circle labeled 'Rivalry Among Existing Competitors' with four surrounding circles: 'Threat of New Entrants', 'Threat of Substitutes', 'Bargaining Power of Suppliers', and 'Bargaining Power of Buyers'. Each circle contains bullet points detailing specific factors influencing the respective force.","Five Forces Analysis, Network Diagram, elements: Central circle labeled 'Rivalry Among Existing Competitors' with four surrounding circles: 'Threat of New Entrants', 'Threat of Substitutes', 'Bargaining Power of Suppliers', and 'Bargaining Power of Buyers'. Each circle contains bullet points detailing specific factors influencing the respective force. [Visual Analysis: sparse, complex | Nodes: 91, Edges: 281]",sparse,complex
"Zone of Proximal Development, , elements: Central title 'Zone of Proximal Development' with two columns labeled 'What is Known' and 'What is not Known', and a horizontal arrow labeled 'Learning' connecting the two columns.","Zone of Proximal Development, , elements: Central title 'Zone of Proximal Development' with two columns labeled 'What is Known' and 'What is not Known', and a horizontal arrow labeled 'Learning' connecting the two columns. [Visual Analysis: sparse, complex | Nodes: 60, Edges: 234]",sparse,complex
"ADDIE Model for Instructional Design, Circular Flow Diagram, elements: Circular arrangement with five phases: Analysis (pink), Design (green), Development (light blue), Implementation (purple), and Evaluation (orange), with arrows indicating the flow direction.","ADDIE Model for Instructional Design, Circular Flow Diagram, elements: Circular arrangement with five phases: Analysis (pink), Design (green), Development (light blue), Implementation (purple), and Evaluation (orange), with arrows indicating the flow direction. [Visual Analysis: dense, complex | Nodes: 4, Edges: 292]",dense,complex
"McGregor's Theory X and Theory Y, Comparison Diagram, elements: Two columns with headers 'Theory X' and 'Theory Y'. Each column has management and staff labels, with descriptive text underneath explaining the characteristics of each theory.","McGregor's Theory X and Theory Y, Comparison Diagram, elements: Two columns with headers 'Theory X' and 'Theory Y'. Each column has management and staff labels, with descriptive text underneath explaining the characteristics of each theory. [Visual Analysis: network, complex | Nodes: 20, Edges: 60]",network,complex
"Porter's Five Forces Model, Circular Diagram, elements: Central circle labeled 'Porter's Five Forces Model' surrounded by five circles representing the forces: 'Threat of new entrants', 'Bargaining power of suppliers', 'Bargaining power of buyers', 'Rivalry among existing competitors', and 'Threat of substitution'.","Porter's Five Forces Model, Circular Diagram, elements: Central circle labeled 'Porter's Five Forces Model' surrounded by five circles representing the forces: 'Threat of new entrants', 'Bargaining power of suppliers', 'Bargaining power of buyers', 'Rivalry among existing competitors', and 'Threat of substitution'. [Visual Analysis: dense, complex | Nodes: 9, Edges: 60]",dense,complex
"Kubler-Ross Change Curve, Line Graph, elements: Curved line depicting stages: Shock, Rejection, Setback, Sad, Experiment, Decision, and Integration, with morale and confidence increasing over time.","Kubler-Ross Change Curve, Line Graph, elements: Curved line depicting stages: Shock, Rejection, Setback, Sad, Experiment, Decision, and Integration, with morale and confidence increasing over time. [Visual Analysis: network, complex | Nodes: 29, Edges: 93]",network,complex
"The Engineering Design Process, Circular Diagram, elements: Eight colored circles connected in a circular flow, each labeled with a step: Define the Problem, Define the Constraints and Criteria, Research, Brainstorm, Evaluate and Choose the Best Solution, Design, Build and Test a Prototype, Repeat and Communicate Results.","The Engineering Design Process, Circular Diagram, elements: Eight colored circles connected in a circular flow, each labeled with a step: Define the Problem, Define the Constraints and Criteria, Research, Brainstorm, Evaluate and Choose the Best Solution, Design, Build and Test a Prototype, Repeat and Communicate Results. [Visual Analysis: dense, complex | Nodes: 37, Edges: 451]",dense,complex
"Continuous Integration Process, Flowchart, elements: Flowchart with elements: Developers check-in/check-out code, CI status decision diamond, sending notifications, and build process indicated on the right with outputs to a CI server.","Continuous Integration Process, Flowchart, elements: Flowchart with elements: Developers check-in/check-out code, CI status decision diamond, sending notifications, and build process indicated on the right with outputs to a CI server. [Visual Analysis: dense, complex | Nodes: 14, Edges: 148]",dense,complex
"Big 5 Personality Traits (OCEAN), Funnel Diagram, elements: Funnel shape with five segments labeled: Openness, Conscientiousness, Extraversion, Agreeableness, and Neuroticism, each accompanied by a description of elements relevant to business purposes and goals.","Big 5 Personality Traits (OCEAN), Funnel Diagram, elements: Funnel shape with five segments labeled: Openness, Conscientiousness, Extraversion, Agreeableness, and Neuroticism, each accompanied by a description of elements relevant to business purposes and goals. [Visual Analysis: sparse, complex | Nodes: 42, Edges: 110]",sparse,complex
"Vision and Strategy Framework, Network Diagram, elements: Central box labeled 'VISION & STRATEGY' surrounded by four colored boxes labeled 'FINANCIAL', 'CUSTOMER', 'INTERNAL', and 'INNOVATION', each containing sections for 'Objectives', 'Measures', 'Targets', and 'Initiatives'. Arrows connect the central box to each quadrant.","Vision and Strategy Framework, Network Diagram, elements: Central box labeled 'VISION & STRATEGY' surrounded by four colored boxes labeled 'FINANCIAL', 'CUSTOMER', 'INTERNAL', and 'INNOVATION', each containing sections for 'Objectives', 'Measures', 'Targets', and 'Initiatives'. Arrows connect the central box to each quadrant. [Visual Analysis: dense, complex | Nodes: 20, Edges: 239]",dense,complex
"Types of Defects, Stacked List, elements: Three horizontal sections labeled 'Design Defects', 'Manufacturing Defects', and 'Marketing Defects', each with distinct background colors and numbered from 1 to 3.","Types of Defects, Stacked List, elements: Three horizontal sections labeled 'Design Defects', 'Manufacturing Defects', and 'Marketing Defects', each with distinct background colors and numbered from 1 to 3. [Visual Analysis: dense, complex | Nodes: 3, Edges: 92]",dense,complex
"ADDIE Model - Analysis Phase, Flow Diagram, elements: Steps labeled A, D, D, I, E arranged in a forward-moving pattern, with '1. Analysis' prominently displayed at the top, and a descriptive text below explaining the purpose of the analysis.","ADDIE Model - Analysis Phase, Flow Diagram, elements: Steps labeled A, D, D, I, E arranged in a forward-moving pattern, with '1. Analysis' prominently displayed at the top, and a descriptive text below explaining the purpose of the analysis. [Visual Analysis: network, moderate | Nodes: 14, Edges: 25]",network,moderate
"VARK Learning Styles, Circular Diagram, elements: Four quadrants labeled: Visual, Auditory, Read/Write, Kinesthetic, with corresponding icons representing each style.","VARK Learning Styles, Circular Diagram, elements: Four quadrants labeled: Visual, Auditory, Read/Write, Kinesthetic, with corresponding icons representing each style. [Visual Analysis: dense, complex | Nodes: 26, Edges: 281]",dense,complex
"Three Presences in Educational Experience, Venn Diagram, elements: Three overlapping circles labeled 'Social Presence', 'Cognitive Presence', and 'Teaching Presence', with the central area labeled 'Educational Experience'. Each circle has supporting text: 'Supporting Discourse' for Social, 'Selecting Content' for Cognitive, and 'Setting Climate' for Teaching.","Three Presences in Educational Experience, Venn Diagram, elements: Three overlapping circles labeled 'Social Presence', 'Cognitive Presence', and 'Teaching Presence', with the central area labeled 'Educational Experience'. Each circle has supporting text: 'Supporting Discourse' for Social, 'Selecting Content' for Cognitive, and 'Setting Climate' for Teaching. [Visual Analysis: empty, complex | Nodes: 0, Edges: 104]",empty,complex
